{
   "result": [
      {
         "156854": [
            {
               "employee_id_no": 8783
            }
         ],
         "198417": [
            {
               "employee_id_no": 9743
            }
         ],
         "211251": [
            {
               "employee_id_no": 10226
            }
         ],
         "225518": [
            {
               "employee_id_no": 4521
            }
         ],
         "251161": [
            {
               "employee_id_no": 9730
            }
         ],
         "255362": [
            {
               "employee_id_no": 7147
            }
         ],
         "356702": [
            {
               "employee_id_no": 6206
            }
         ],
         "373006": [
            {
               "employee_id_no": 9625
            }
         ],
         "401672": [
            {
               "employee_id_no": 9501
            }
         ],
         "434151": [
            {
               "employee_id_no": 10189
            }
         ],
         "459107": [
            {
               "employee_id_no": 9680
            }
         ],
         "504995": [
            {
               "employee_id_no": 9721
            }
         ],
         "512983": [
            {
               "employee_id_no": 10125
            }
         ],
         "514398": [
            {
               "employee_id_no": 10130
            }
         ],
         "514682": [
            {
               "employee_id_no": 8031
            }
         ],
         "526949": [
            {
               "employee_id_no": 9826
            }
         ],
         "580045": [
            {
               "employee_id_no": 10485
            }
         ],
         "582563": [
            {
               "employee_id_no": 10519
            }
         ],
         "584039": [
            {
               "employee_id_no": 10469
            }
         ],
         "589118": [
            {
               "employee_id_no": 10466
            }
         ],
         "589234": [
            {
               "employee_id_no": 10411
            }
         ],
         "589702": [
            {
               "employee_id_no": 10285
            }
         ],
         "593652": [
            {
               "employee_id_no": 10513
            }
         ],
         "600151": [
            {
               "employee_id_no": 9736
            }
         ],
         "601975": [
            {
               "employee_id_no": 10441
            }
         ],
         "605328": [
            {
               "employee_id_no": 10468
            }
         ],
         "607854": [
            {
               "employee_id_no": 10457
            }
         ],
         "608591": [
            {
               "employee_id_no": 10445
            }
         ],
         "608702": [
            {
               "employee_id_no": 9314
            }
         ],
         "614382": [
            {
               "employee_id_no": 10455
            }
         ],
         "618117": [
            {
               "employee_id_no": 10470
            }
         ],
         "620031": [
            {
               "employee_id_no": 10421
            }
         ],
         "621437": [
            {
               "employee_id_no": 9514
            }
         ],
         "622258": [
            {
               "employee_id_no": 9622
            }
         ],
         "623679": [
            {
               "employee_id_no": 10510
            }
         ],
         "625692": [
            {
               "employee_id_no": 10497
            }
         ],
         "625782": [
            {
               "employee_id_no": 10412
            }
         ],
         "631792": [
            {
               "employee_id_no": 10437
            }
         ],
         "647332": [
            {
               "employee_id_no": 6843
            }
         ],
         "658834": [
            {
               "employee_id_no": 10408
            }
         ],
         "659630": [
            {
               "employee_id_no": 10432
            }
         ],
         "666294": [
            {
               "employee_id_no": 10467
            }
         ],
         "666485": [
            {
               "employee_id_no": 10443
            }
         ],
         "675435": [
            {
               "employee_id_no": 10416
            }
         ],
         "684081": [
            {
               "employee_id_no": 10454
            }
         ],
         "690096": [
            {
               "employee_id_no": 10456
            }
         ],
         "691055": [
            {
               "employee_id_no": 10461
            }
         ],
         "691785": [
            {
               "employee_id_no": 10489
            }
         ],
         "692475": [
            {
               "employee_id_no": 10478
            }
         ],
         "693576": [
            {
               "employee_id_no": 10480
            }
         ],
         "706311": [
            {
               "employee_id_no": 10482
            }
         ],
         "707068": [
            {
               "employee_id_no": 10550
            }
         ],
         "709090": [
            {
               "employee_id_no": 10546
            }
         ],
         "709346": [
            {
               "employee_id_no": 10506
            }
         ],
         "709952": [
            {
               "employee_id_no": 10458
            }
         ],
         "710339": [
            {
               "employee_id_no": 10507
            }
         ],
         "710778": [
            {
               "employee_id_no": 10511
            }
         ],
         "711098": [
            {
               "employee_id_no": 10450
            }
         ],
         "712499": [
            {
               "employee_id_no": 10475
            }
         ],
         "712560": [
            {
               "employee_id_no": 10414
            }
         ],
         "717121": [
            {
               "employee_id_no": 10481
            }
         ],
         "717306": [
            {
               "employee_id_no": 10508
            }
         ],
         "717855": [
            {
               "employee_id_no": 10498
            }
         ],
         "720006": [
            {
               "employee_id_no": 10490
            }
         ],
         "720332": [
            {
               "employee_id_no": 9755
            }
         ],
         "720355": [
            {
               "employee_id_no": 9195
            }
         ],
         "722434": [
            {
               "employee_id_no": 10483
            }
         ],
         "724432": [
            {
               "employee_id_no": 10463
            }
         ],
         "727932": [
            {
               "employee_id_no": 10476
            }
         ],
         "728024": [
            {
               "employee_id_no": 10474
            }
         ],
         "728195": [
            {
               "employee_id_no": 7067
            }
         ],
         "728272": [
            {
               "employee_id_no": 10479
            }
         ],
         "740040": [
            {
               "employee_id_no": 10528
            }
         ],
         "742174": [
            {
               "employee_id_no": 10438
            }
         ],
         "754596": [
            {
               "employee_id_no": 10488
            }
         ],
         "755076": [
            {
               "employee_id_no": 10453
            }
         ],
         "770493": [
            {
               "employee_id_no": 10486
            }
         ],
         "771249": [
            {
               "employee_id_no": 8314
            }
         ],
         "809308": [
            {
               "employee_id_no": 8807
            }
         ],
         "810190": [
            {
               "employee_id_no": 10501
            }
         ],
         "820100": [
            {
               "employee_id_no": 8942
            }
         ],
         "821669": [
            {
               "employee_id_no": 10496
            }
         ],
         "831948": [
            {
               "employee_id_no": 10435
            }
         ],
         "836612": [
            {
               "employee_id_no": 10548
            }
         ],
         "840253": [
            {
               "employee_id_no": 10529
            }
         ],
         "841312": [
            {
               "employee_id_no": 10410
            }
         ],
         "842285": [
            {
               "employee_id_no": 10530
            }
         ],
         "846274": [
            {
               "employee_id_no": 9498
            }
         ],
         "850566": [
            {
               "employee_id_no": 10509
            }
         ],
         "851520": [
            {
               "employee_id_no": 10409
            }
         ],
         "852051": [
            {
               "employee_id_no": 10472
            }
         ],
         "852566": [
            {
               "employee_id_no": 10512
            }
         ],
         "853540": [
            {
               "employee_id_no": 10306
            }
         ],
         "856173": [
            {
               "employee_id_no": 10427
            }
         ],
         "857139": [
            {
               "employee_id_no": 10505
            }
         ],
         "858866": [
            {
               "employee_id_no": 10491
            }
         ],
         "861896": [
            {
               "employee_id_no": 10318
            }
         ],
         "863829": [
            {
               "employee_id_no": 10540
            }
         ],
         "864291": [
            {
               "employee_id_no": 10477
            }
         ],
         "864787": [
            {
               "employee_id_no": 10473
            }
         ],
         "864914": [
            {
               "employee_id_no": 10518
            }
         ],
         "866567": [
            {
               "employee_id_no": 9979
            }
         ],
         "873736": [
            {
               "employee_id_no": 10424
            }
         ],
         "890007": [
            {
               "employee_id_no": 10500
            }
         ],
         "891228": [
            {
               "employee_id_no": 10442
            }
         ],
         "919452": [
            {
               "employee_id_no": 9738
            }
         ],
         "940970": [
            {
               "employee_id_no": 5370
            }
         ],
         "941195": [
            {
               "employee_id_no": 10525
            }
         ],
         "947234": [
            {
               "employee_id_no": 10444
            }
         ],
         "948746": [
            {
               "employee_id_no": 10547
            }
         ],
         "992642": [
            {
               "employee_id_no": 10188
            }
         ],
         "1019605": [
            {
               "employee_id_no": 3964
            }
         ],
         "1072114": [
            {
               "employee_id_no": 3809
            }
         ],
         "1180565": [
            {
               "employee_id_no": 9705
            }
         ],
         "1207389": [
            {
               "employee_id_no": 10398
            }
         ],
         "1224468": [
            {
               "employee_id_no": 3691
            }
         ],
         "1280245": [
            {
               "employee_id_no": 9782
            }
         ],
         "1338641": [
            {
               "employee_id_no": 8137
            }
         ],
         "2216273": [
            {
               "employee_id_no": 9198
            }
         ],
         "2393561": [
            {
               "employee_id_no": 9692
            }
         ],
         "2473020": [
            {
               "employee_id_no": 10220
            }
         ],
         "2805547": [
            {
               "employee_id_no": 10310
            }
         ],
         "2827367": [
            {
               "employee_id_no": 10494
            }
         ],
         "3122096": [
            {
               "employee_id_no": 10487
            }
         ],
         "3183156": [
            {
               "employee_id_no": 10520
            }
         ],
         "3186851": [
            {
               "employee_id_no": 10428
            }
         ],
         "3189796": [
            {
               "employee_id_no": 10434
            }
         ],
         "3194811": [
            {
               "employee_id_no": 10492
            }
         ],
         "3197084": [
            {
               "employee_id_no": 10462
            }
         ],
         "3262409": [
            {
               "employee_id_no": 10440
            }
         ],
         "3308520": [
            {
               "employee_id_no": 10308
            }
         ],
         "3339834": [
            {
               "employee_id_no": 10439
            }
         ],
         "3432086": [
            {
               "employee_id_no": 9820
            }
         ],
         "3501830": [
            {
               "employee_id_no": 10430
            }
         ],
         "3504751": [
            {
               "employee_id_no": 10420
            }
         ],
         "3531414": [
            {
               "employee_id_no": 9555
            }
         ],
         "3544753": [
            {
               "employee_id_no": 9223
            }
         ],
         "3549147": [
            {
               "employee_id_no": 7907
            }
         ],
         "3556658": [
            {
               "employee_id_no": 9190
            }
         ],
         "3570897": [
            {
               "employee_id_no": 8905
            }
         ],
         "3582915": [
            {
               "employee_id_no": 88888888
            }
         ],
         "3584515": [
            {
               "employee_id_no": 9157
            }
         ],
         "3588433": [
            {
               "employee_id_no": 8059
            }
         ],
         "3603019": [
            {
               "employee_id_no": 8711
            }
         ],
         "3615132": [
            {
               "employee_id_no": 10240
            }
         ],
         "3630069": [
            {
               "employee_id_no": 7910
            }
         ],
         "3639997": [
            {
               "employee_id_no": 5417
            }
         ],
         "3644014": [
            {
               "employee_id_no": 7416
            }
         ],
         "3652363": [
            {
               "employee_id_no": 10058
            }
         ],
         "3661565": [
            {
               "employee_id_no": 9741
            }
         ],
         "3661657": [
            {
               "employee_id_no": 10326
            }
         ],
         "3663654": [
            {
               "employee_id_no": 9777
            }
         ],
         "3680943": [
            {
               "employee_id_no": 9563
            }
         ],
         "3682201": [
            {
               "employee_id_no": 7162
            }
         ],
         "3682540": [
            {
               "employee_id_no": 8440
            }
         ],
         "3685729": [
            {
               "employee_id_no": 9560
            }
         ],
         "3686057": [
            {
               "employee_id_no": 9367
            }
         ],
         "3686589": [
            {
               "employee_id_no": 7106
            }
         ],
         "3686851": [
            {
               "employee_id_no": 9896
            }
         ],
         "3692399": [
            {
               "employee_id_no": 9093
            }
         ],
         "3692501": [
            {
               "employee_id_no": 770
            }
         ],
         "3697978": [
            {
               "employee_id_no": 10514
            }
         ],
         "3708503": [
            {
               "employee_id_no": 4560
            }
         ],
         "3710593": [
            {
               "employee_id_no": 6847
            }
         ],
         "3731469": [
            {
               "employee_id_no": 10261
            }
         ],
         "3736948": [
            {
               "employee_id_no": 10405
            }
         ],
         "3740426": [
            {
               "employee_id_no": 3284
            }
         ],
         "3741654": [
            {
               "employee_id_no": 10050
            }
         ],
         "3744324": [
            {
               "employee_id_no": 9825
            }
         ],
         "3744946": [
            {
               "employee_id_no": 10406
            }
         ],
         "3746420": [
            {
               "employee_id_no": 9947
            }
         ],
         "3748177": [
            {
               "employee_id_no": 8764
            }
         ],
         "3759945": [
            {
               "employee_id_no": 10324
            }
         ],
         "3760528": [
            {
               "employee_id_no": 9465
            }
         ],
         "3762214": [
            {
               "employee_id_no": 9631
            }
         ],
         "3763432": [
            {
               "employee_id_no": 9789
            }
         ],
         "3764111": [
            {
               "employee_id_no": 10073
            }
         ],
         "3764147": [
            {
               "employee_id_no": 7692
            }
         ],
         "3764166": [
            {
               "employee_id_no": 9183
            }
         ],
         "3764789": [
            {
               "employee_id_no": 9301
            }
         ],
         "3772244": [
            {
               "employee_id_no": 10113
            }
         ],
         "4058784": [
            {
               "employee_id_no": 10413
            }
         ],
         "4060481": [
            {
               "employee_id_no": 10484
            }
         ],
         "4160650": [
            {
               "employee_id_no": 10433
            }
         ],
         "4162605": [
            {
               "employee_id_no": 10465
            },
            {
               "employee_id_no": 10664
            }
         ],
         "4162695": [
            {
               "employee_id_no": 10460
            }
         ],
         "4188797": [
            {
               "employee_id_no": 10436
            }
         ],
         "4192668": [
            {
               "employee_id_no": 9821
            }
         ],
         "4199841": [
            {
               "employee_id_no": 10534
            }
         ],
         "4200925": [
            {
               "employee_id_no": 10502
            }
         ],
         "4203000": [
            {
               "employee_id_no": 10425
            }
         ],
         "4215504": [
            {
               "employee_id_no": 10311
            }
         ],
         "4217687": [
            {
               "employee_id_no": 9985
            }
         ],
         "4219317": [
            {
               "employee_id_no": 10531
            }
         ],
         "4225572": [
            {
               "employee_id_no": 10535
            }
         ],
         "4232269": [
            {
               "employee_id_no": 10270
            }
         ],
         "4232858": [
            {
               "employee_id_no": 10538
            }
         ],
         "4235853": [
            {
               "employee_id_no": 10400
            }
         ],
         "4235899": [
            {
               "employee_id_no": 10536
            }
         ],
         "4243261": [
            {
               "employee_id_no": 10493
            }
         ],
         "4248559": [
            {
               "employee_id_no": 7972
            }
         ],
         "4251832": [
            {
               "employee_id_no": 10516
            }
         ],
         "4252108": [
            {
               "employee_id_no": 10527
            }
         ],
         "4258238": [
            {
               "employee_id_no": 10533
            }
         ],
         "4309786": [
            {
               "employee_id_no": 10426
            }
         ],
         "4322825": [
            {
               "employee_id_no": 10545
            }
         ],
         "4331097": [
            {
               "employee_id_no": 10549
            }
         ],
         "4332548": [
            {
               "employee_id_no": 10541
            }
         ],
         "4333693": [
            {
               "employee_id_no": 10526
            }
         ],
         "4334833": [
            {
               "employee_id_no": 10551
            }
         ],
         "4336273": [
            {
               "employee_id_no": 10423
            }
         ],
         "4336936": [
            {
               "employee_id_no": 7152
            }
         ],
         "4337236": [
            {
               "employee_id_no": 10495
            }
         ],
         "4337538": [
            {
               "employee_id_no": 10200
            }
         ],
         "4474959": [
            {
               "employee_id_no": 10515
            }
         ],
         "4501079": [
            {
               "employee_id_no": 10517
            }
         ],
         "4557912": [
            {
               "employee_id_no": 10471
            }
         ],
         "4576715": [
            {
               "employee_id_no": 10459
            }
         ],
         "4619710": [
            {
               "employee_id_no": 10537
            }
         ],
         "4625940": [
            {
               "employee_id_no": 10539
            }
         ],
         "4626873": [
            {
               "employee_id_no": 10521
            }
         ],
         "4627764": [
            {
               "employee_id_no": 10524
            }
         ],
         "4628553": [
            {
               "employee_id_no": 10415
            }
         ],
         "4630598": [
            {
               "employee_id_no": 10504
            }
         ],
         "4635451": [
            {
               "employee_id_no": 10419
            }
         ],
         "4637518": [
            {
               "employee_id_no": 10523
            }
         ],
         "4639454": [
            {
               "employee_id_no": 10429
            }
         ],
         "4640062": [
            {
               "employee_id_no": 10554
            }
         ],
         "5206113": [
            {
               "employee_id_no": 999999
            }
         ],
         "5389648": [
            {
               "employee_id_no": 1
            }
         ],
         "5453500": [
            {
               "employee_id_no": 88888886
            }
         ],
         "6967997": [
            {
               "employee_id_no": 10602
            }
         ],
         "6996164": [
            {
               "employee_id_no": 10568
            }
         ],
         "7021335": [
            {
               "employee_id_no": 10575
            }
         ],
         "7024321": [
            {
               "employee_id_no": 10905
            }
         ],
         "7032528": [
            {
               "employee_id_no": 10576
            }
         ],
         "7040151": [
            {
               "employee_id_no": 10566
            }
         ],
         "7056565": [
            {
               "employee_id_no": 9740
            }
         ],
         "7060086": [
            {
               "employee_id_no": 7671
            }
         ],
         "7061378": [
            {
               "employee_id_no": 2016
            }
         ],
         "7062031": [
            {
               "employee_id_no": 7429
            }
         ],
         "7065982": [
            {
               "employee_id_no": 9853
            }
         ],
         "7080478": [
            {
               "employee_id_no": 9728
            }
         ],
         "7094519": [
            {
               "employee_id_no": 9892
            }
         ],
         "7099166": [
            {
               "employee_id_no": 9449
            }
         ],
         "7099177": [
            {
               "employee_id_no": 9541
            }
         ],
         "7117175": [
            {
               "employee_id_no": 9058
            }
         ],
         "7122348": [
            {
               "employee_id_no": 10186
            }
         ],
         "7125637": [
            {
               "employee_id_no": 10042
            }
         ],
         "7135702": [
            {
               "employee_id_no": 9500
            }
         ],
         "7137834": [
            {
               "employee_id_no": 4714
            }
         ],
         "7149711": [
            {
               "employee_id_no": 8621
            }
         ],
         "7150184": [
            {
               "employee_id_no": 5371
            }
         ],
         "7153905": [
            {
               "employee_id_no": 10399
            }
         ],
         "7153926": [
            {
               "employee_id_no": 9715
            }
         ],
         "7159180": [
            {
               "employee_id_no": 10103
            }
         ],
         "7169325": [
            {
               "employee_id_no": 10023
            }
         ],
         "7174041": [
            {
               "employee_id_no": 10907
            }
         ],
         "7209602": [
            {
               "employee_id_no": 8787
            }
         ],
         "7215200": [
            {
               "employee_id_no": 10227
            }
         ],
         "7228494": [
            {
               "employee_id_no": 9574
            }
         ],
         "7231637": [
            {
               "employee_id_no": 10906
            }
         ],
         "7234695": [
            {
               "employee_id_no": 9972
            }
         ],
         "7234716": [
            {
               "employee_id_no": 10045
            }
         ],
         "7235391": [
            {
               "employee_id_no": 9278
            }
         ],
         "7240707": [
            {
               "employee_id_no": 10570
            }
         ],
         "7257691": [
            {
               "employee_id_no": 8684
            }
         ],
         "7262554": [
            {
               "employee_id_no": 9735
            }
         ],
         "7282527": [
            {
               "employee_id_no": 10558
            }
         ],
         "7282838": [
            {
               "employee_id_no": 10567
            }
         ],
         "7307336": [
            {
               "employee_id_no": 3668
            }
         ],
         "7313721": [
            {
               "employee_id_no": 3810
            }
         ],
         "7325744": [
            {
               "employee_id_no": 10368
            }
         ],
         "7344328": [
            {
               "employee_id_no": 8978
            }
         ],
         "7373164": [
            {
               "employee_id_no": 9265
            }
         ],
         "7395774": [
            {
               "employee_id_no": 9793
            }
         ],
         "7404051": [
            {
               "employee_id_no": 6825
            }
         ],
         "7406985": [
            {
               "employee_id_no": 9182
            }
         ],
         "7409223": [
            {
               "employee_id_no": 10560
            }
         ],
         "7414376": [
            {
               "employee_id_no": 8740
            }
         ],
         "7414467": [
            {
               "employee_id_no": 8066
            }
         ],
         "7417437": [
            {
               "employee_id_no": 9249
            }
         ],
         "7427159": [
            {
               "employee_id_no": 9515
            }
         ],
         "7433536": [
            {
               "employee_id_no": 9130
            }
         ],
         "7440508": [
            {
               "employee_id_no": 10213
            }
         ],
         "7442818": [
            {
               "employee_id_no": 10446
            }
         ],
         "7445167": [
            {
               "employee_id_no": 9700
            }
         ],
         "7446011": [
            {
               "employee_id_no": 10238
            }
         ],
         "7449883": [
            {
               "employee_id_no": 10228
            }
         ],
         "7453023": [
            {
               "employee_id_no": 9718
            }
         ],
         "7456279": [
            {
               "employee_id_no": 7949
            }
         ],
         "7461435": [
            {
               "employee_id_no": 7970
            }
         ],
         "7476034": [
            {
               "employee_id_no": 4529
            }
         ],
         "7483253": [
            {
               "employee_id_no": 9020
            }
         ],
         "7492207": [
            {
               "employee_id_no": 9716
            }
         ],
         "7504314": [
            {
               "employee_id_no": 7935
            }
         ],
         "7507428": [
            {
               "employee_id_no": 10172
            }
         ],
         "7514960": [
            {
               "employee_id_no": 9516
            }
         ],
         "7520949": [
            {
               "employee_id_no": 9201
            }
         ],
         "7522205": [
            {
               "employee_id_no": 10166
            }
         ],
         "7530893": [
            {
               "employee_id_no": 9722
            }
         ],
         "7531077": [
            {
               "employee_id_no": 10235
            }
         ],
         "7539097": [
            {
               "employee_id_no": 10314
            }
         ],
         "7539647": [
            {
               "employee_id_no": 7611
            }
         ],
         "7544521": [
            {
               "employee_id_no": 10553
            }
         ],
         "7545527": [
            {
               "employee_id_no": 9813
            }
         ],
         "7548145": [
            {
               "employee_id_no": 10097
            }
         ],
         "7551165": [
            {
               "employee_id_no": 9606
            }
         ],
         "7554756": [
            {
               "employee_id_no": 3382
            }
         ],
         "7555571": [
            {
               "employee_id_no": 10584
            }
         ],
         "7555866": [
            {
               "employee_id_no": 10237
            }
         ],
         "7558558": [
            {
               "employee_id_no": 10918
            }
         ],
         "7562573": [
            {
               "employee_id_no": 10053
            }
         ],
         "7565106": [
            {
               "employee_id_no": 10691
            }
         ],
         "7567387": [
            {
               "employee_id_no": 22
            }
         ],
         "7569463": [
            {
               "employee_id_no": 10046
            }
         ],
         "7570721": [
            {
               "employee_id_no": 9662
            }
         ],
         "7571335": [
            {
               "employee_id_no": 10002
            }
         ],
         "7571551": [
            {
               "employee_id_no": 9651
            }
         ],
         "7578773": [
            {
               "employee_id_no": 481
            }
         ],
         "7580595": [
            {
               "employee_id_no": 9655
            }
         ],
         "7581848": [
            {
               "employee_id_no": 10044
            }
         ],
         "7582888": [
            {
               "employee_id_no": 10132
            }
         ],
         "7588501": [
            {
               "employee_id_no": 10218
            }
         ],
         "7589338": [
            {
               "employee_id_no": 6540
            }
         ],
         "7591525": [
            {
               "employee_id_no": 8917
            }
         ],
         "7593304": [
            {
               "employee_id_no": 9184
            }
         ],
         "7595468": [
            {
               "employee_id_no": 10194
            }
         ],
         "7597888": [
            {
               "employee_id_no": 7007
            }
         ],
         "7601423": [
            {
               "employee_id_no": 7020
            }
         ],
         "7601915": [
            {
               "employee_id_no": 9464
            }
         ],
         "7648592": [
            {
               "employee_id_no": 9481
            }
         ],
         "7670216": [
            {
               "employee_id_no": 9954
            }
         ],
         "7799786": [
            {
               "employee_id_no": 10342
            }
         ],
         "7799918": [
            {
               "employee_id_no": 9620
            }
         ],
         "7801270": [
            {
               "employee_id_no": 10266
            }
         ],
         "7805287": [
            {
               "employee_id_no": 10142
            }
         ],
         "7806663": [
            {
               "employee_id_no": 4286
            }
         ],
         "7806706": [
            {
               "employee_id_no": 9634
            }
         ],
         "7809349": [
            {
               "employee_id_no": 10123
            }
         ],
         "7812755": [
            {
               "employee_id_no": 5591
            }
         ],
         "7813126": [
            {
               "employee_id_no": 10124
            }
         ],
         "7817042": [
            {
               "employee_id_no": 9468
            }
         ],
         "7818447": [
            {
               "employee_id_no": 9643
            }
         ],
         "7824031": [
            {
               "employee_id_no": 5423
            }
         ],
         "7828870": [
            {
               "employee_id_no": 10343
            }
         ],
         "7829003": [
            {
               "employee_id_no": 7401
            }
         ],
         "7831760": [
            {
               "employee_id_no": 88888885
            }
         ],
         "7846742": [
            {
               "employee_id_no": 10080
            }
         ],
         "7848006": [
            {
               "employee_id_no": 5415
            }
         ],
         "7850321": [
            {
               "employee_id_no": 9550
            }
         ],
         "7853146": [
            {
               "employee_id_no": 4080
            }
         ],
         "7853563": [
            {
               "employee_id_no": 10356
            }
         ],
         "7853609": [
            {
               "employee_id_no": 9682
            }
         ],
         "7854541": [
            {
               "employee_id_no": 10128
            }
         ],
         "7855716": [
            {
               "employee_id_no": 9787
            }
         ],
         "7857497": [
            {
               "employee_id_no": 10127
            }
         ],
         "7857877": [
            {
               "employee_id_no": 9630
            }
         ],
         "7860222": [
            {
               "employee_id_no": 9592
            }
         ],
         "7865134": [
            {
               "employee_id_no": 7407
            }
         ],
         "7865571": [
            {
               "employee_id_no": 9822
            }
         ],
         "7868166": [
            {
               "employee_id_no": 10331
            }
         ],
         "7870228": [
            {
               "employee_id_no": 9520
            }
         ],
         "7873331": [
            {
               "employee_id_no": 9294
            }
         ],
         "7873410": [
            {
               "employee_id_no": 10267
            }
         ],
         "7873959": [
            {
               "employee_id_no": 7126
            }
         ],
         "7877418": [
            {
               "employee_id_no": 10392
            }
         ],
         "7878445": [
            {
               "employee_id_no": 10201
            }
         ],
         "7878838": [
            {
               "employee_id_no": 10378
            }
         ],
         "7879716": [
            {
               "employee_id_no": 9383
            }
         ],
         "7880895": [
            {
               "employee_id_no": 10363
            }
         ],
         "7881150": [
            {
               "employee_id_no": 10380
            }
         ],
         "7884321": [
            {
               "employee_id_no": 10396
            }
         ],
         "7884410": [
            {
               "employee_id_no": 9798
            }
         ],
         "7884629": [
            {
               "employee_id_no": 10282
            }
         ],
         "7891986": [
            {
               "employee_id_no": 9047
            }
         ],
         "7893272": [
            {
               "employee_id_no": 10274
            }
         ],
         "7897673": [
            {
               "employee_id_no": 10322
            }
         ],
         "7900458": [
            {
               "employee_id_no": 10312
            }
         ],
         "7906434": [
            {
               "employee_id_no": 10293
            }
         ],
         "7913212": [
            {
               "employee_id_no": 10361
            }
         ],
         "7913665": [
            {
               "employee_id_no": 7128
            }
         ],
         "7914005": [
            {
               "employee_id_no": 10337
            }
         ],
         "7916536": [
            {
               "employee_id_no": 10373
            }
         ],
         "7917700": [
            {
               "employee_id_no": 9496
            }
         ],
         "7918063": [
            {
               "employee_id_no": 10344
            }
         ],
         "7918068": [
            {
               "employee_id_no": 10374
            }
         ],
         "7919464": [
            {
               "employee_id_no": 9806
            }
         ],
         "7921243": [
            {
               "employee_id_no": 10309
            }
         ],
         "7922083": [
            {
               "employee_id_no": 9613
            }
         ],
         "7923983": [
            {
               "employee_id_no": 10275
            }
         ],
         "7925793": [
            {
               "employee_id_no": 10271
            }
         ],
         "7927078": [
            {
               "employee_id_no": 10276
            }
         ],
         "7927789": [
            {
               "employee_id_no": 10335
            }
         ],
         "7930914": [
            {
               "employee_id_no": 3709
            }
         ],
         "7930926": [
            {
               "employee_id_no": 9884
            }
         ],
         "7932043": [
            {
               "employee_id_no": 9811
            }
         ],
         "7933471": [
            {
               "employee_id_no": 10375
            }
         ],
         "7934099": [
            {
               "employee_id_no": 10358
            }
         ],
         "7936221": [
            {
               "employee_id_no": 8035
            }
         ],
         "7941122": [
            {
               "employee_id_no": 10323
            }
         ],
         "7942347": [
            {
               "employee_id_no": 10328
            }
         ],
         "7943173": [
            {
               "employee_id_no": 2123
            }
         ],
         "7947577": [
            {
               "employee_id_no": 10283
            }
         ],
         "7949266": [
            {
               "employee_id_no": 6828
            }
         ],
         "7950915": [
            {
               "employee_id_no": 981
            }
         ],
         "7951922": [
            {
               "employee_id_no": 10277
            }
         ],
         "7953266": [
            {
               "employee_id_no": 10379
            }
         ],
         "7953858": [
            {
               "employee_id_no": 9281
            }
         ],
         "7956266": [
            {
               "employee_id_no": 10221
            }
         ],
         "7957201": [
            {
               "employee_id_no": 10340
            }
         ],
         "7958685": [
            {
               "employee_id_no": 10369
            }
         ],
         "7960221": [
            {
               "employee_id_no": 9995
            }
         ],
         "7960800": [
            {
               "employee_id_no": 7408
            }
         ],
         "7961195": [
            {
               "employee_id_no": 10354
            }
         ],
         "7961512": [
            {
               "employee_id_no": 10134
            }
         ],
         "7962104": [
            {
               "employee_id_no": 6284
            }
         ],
         "7969746": [
            {
               "employee_id_no": 10336
            }
         ],
         "7970451": [
            {
               "employee_id_no": 10347
            }
         ],
         "7972218": [
            {
               "employee_id_no": 4963
            }
         ],
         "7973468": [
            {
               "employee_id_no": 3249
            }
         ],
         "7979126": [
            {
               "employee_id_no": 10390
            }
         ],
         "7979408": [
            {
               "employee_id_no": 10316
            }
         ],
         "7985537": [
            {
               "employee_id_no": 10210
            }
         ],
         "7987980": [
            {
               "employee_id_no": 10129
            }
         ],
         "7989452": [
            {
               "employee_id_no": 7850
            }
         ],
         "7989613": [
            {
               "employee_id_no": 10140
            }
         ],
         "7992381": [
            {
               "employee_id_no": 11
            }
         ],
         "7994669": [
            {
               "employee_id_no": 9925
            }
         ],
         "8004010": [
            {
               "employee_id_no": 1953
            }
         ],
         "8009380": [
            {
               "employee_id_no": 9973
            }
         ],
         "8009543": [
            {
               "employee_id_no": 9510
            }
         ],
         "8009672": [
            {
               "employee_id_no": 9296
            }
         ],
         "8015011": [
            {
               "employee_id_no": 9567
            }
         ],
         "8018023": [
            {
               "employee_id_no": 9881
            }
         ],
         "8023876": [
            {
               "employee_id_no": 10345
            }
         ],
         "8026006": [
            {
               "employee_id_no": 10304
            }
         ],
         "8026382": [
            {
               "employee_id_no": 10302
            }
         ],
         "8027193": [
            {
               "employee_id_no": 9960
            }
         ],
         "8027409": [
            {
               "employee_id_no": 9086
            }
         ],
         "8029540": [
            {
               "employee_id_no": 2571
            }
         ],
         "8031151": [
            {
               "employee_id_no": 9963
            }
         ],
         "8031743": [
            {
               "employee_id_no": 5451
            }
         ],
         "8032323": [
            {
               "employee_id_no": 9178
            }
         ],
         "8035928": [
            {
               "employee_id_no": 10376
            }
         ],
         "8036632": [
            {
               "employee_id_no": 3856
            }
         ],
         "8037369": [
            {
               "employee_id_no": 9068
            }
         ],
         "8058423": [
            {
               "employee_id_no": 10320
            }
         ],
         "8058595": [
            {
               "employee_id_no": 10197
            }
         ],
         "8061257": [
            {
               "employee_id_no": 9395
            }
         ],
         "8062248": [
            {
               "employee_id_no": 9378
            }
         ],
         "8064717": [
            {
               "employee_id_no": 9690
            }
         ],
         "8068314": [
            {
               "employee_id_no": 9833
            }
         ],
         "8069068": [
            {
               "employee_id_no": 8452
            }
         ],
         "8074797": [
            {
               "employee_id_no": 5526
            }
         ],
         "8076367": [
            {
               "employee_id_no": 10209
            }
         ],
         "8077769": [
            {
               "employee_id_no": 9255
            }
         ],
         "8081129": [
            {
               "employee_id_no": 7725
            }
         ],
         "8081763": [
            {
               "employee_id_no": 8824
            }
         ],
         "8082503": [
            {
               "employee_id_no": 10321
            }
         ],
         "8084400": [
            {
               "employee_id_no": 10333
            }
         ],
         "8085371": [
            {
               "employee_id_no": 9532
            }
         ],
         "8085432": [
            {
               "employee_id_no": 4612
            }
         ],
         "8087518": [
            {
               "employee_id_no": 10300
            }
         ],
         "8087787": [
            {
               "employee_id_no": 10292
            }
         ],
         "8087879": [
            {
               "employee_id_no": 6846
            }
         ],
         "8091451": [
            {
               "employee_id_no": 9531
            }
         ],
         "8092205": [
            {
               "employee_id_no": 10325
            }
         ],
         "8094969": [
            {
               "employee_id_no": 8617
            }
         ],
         "8095085": [
            {
               "employee_id_no": 10117
            }
         ],
         "8095825": [
            {
               "employee_id_no": 8731
            }
         ],
         "8097907": [
            {
               "employee_id_no": 10350
            }
         ],
         "8098299": [
            {
               "employee_id_no": 10160
            }
         ],
         "8098320": [
            {
               "employee_id_no": 9807
            }
         ],
         "8099146": [
            {
               "employee_id_no": 2971
            }
         ],
         "8105612": [
            {
               "employee_id_no": 10301
            }
         ],
         "8108736": [
            {
               "employee_id_no": 10330
            }
         ],
         "8109153": [
            {
               "employee_id_no": 10364
            }
         ],
         "8110139": [
            {
               "employee_id_no": 10362
            }
         ],
         "8110513": [
            {
               "employee_id_no": 10367
            }
         ],
         "8112061": [
            {
               "employee_id_no": 10296
            }
         ],
         "8114379": [
            {
               "employee_id_no": 9691
            }
         ],
         "8115831": [
            {
               "employee_id_no": 10319
            }
         ],
         "8115936": [
            {
               "employee_id_no": 10294
            }
         ],
         "8116340": [
            {
               "employee_id_no": 10018
            }
         ],
         "8118538": [
            {
               "employee_id_no": 10284
            }
         ],
         "8122764": [
            {
               "employee_id_no": 10297
            }
         ],
         "8123456": [
            {
               "employee_id_no": 10078
            }
         ],
         "8128775": [
            {
               "employee_id_no": 10391
            }
         ],
         "8133469": [
            {
               "employee_id_no": 10298
            }
         ],
         "8134137": [
            {
               "employee_id_no": 2000
            }
         ],
         "8134357": [
            {
               "employee_id_no": 8540
            }
         ],
         "8135803": [
            {
               "employee_id_no": 5169
            }
         ],
         "8136482": [
            {
               "employee_id_no": 9857
            }
         ],
         "8137104": [
            {
               "employee_id_no": 6964
            }
         ],
         "8142770": [
            {
               "employee_id_no": 10184
            }
         ],
         "8143486": [
            {
               "employee_id_no": 10004
            }
         ],
         "8145311": [
            {
               "employee_id_no": 9029
            }
         ],
         "8145535": [
            {
               "employee_id_no": 7740
            }
         ],
         "8155505": [
            {
               "employee_id_no": 9193
            }
         ],
         "8155620": [
            {
               "employee_id_no": 10384
            }
         ],
         "8155670": [
            {
               "employee_id_no": 8464
            }
         ],
         "8159523": [
            {
               "employee_id_no": 10385
            }
         ],
         "8166440": [
            {
               "employee_id_no": 10351
            }
         ],
         "8166575": [
            {
               "employee_id_no": 9952
            }
         ],
         "8169277": [
            {
               "employee_id_no": 10057
            }
         ],
         "8169841": [
            {
               "employee_id_no": 10025
            }
         ],
         "8173191": [
            {
               "employee_id_no": 9899
            }
         ],
         "8176589": [
            {
               "employee_id_no": 9997
            }
         ],
         "8177059": [
            {
               "employee_id_no": 10185
            }
         ],
         "8177454": [
            {
               "employee_id_no": 10281
            }
         ],
         "8179326": [
            {
               "employee_id_no": 10377
            }
         ],
         "8180774": [
            {
               "employee_id_no": 6865
            }
         ],
         "8182195": [
            {
               "employee_id_no": 10147
            }
         ],
         "8185601": [
            {
               "employee_id_no": 4256
            }
         ],
         "8186862": [
            {
               "employee_id_no": 10272
            }
         ],
         "8188290": [
            {
               "employee_id_no": 9199
            }
         ],
         "8188863": [
            {
               "employee_id_no": 9934
            }
         ],
         "8189598": [
            {
               "employee_id_no": 315
            }
         ],
         "8189795": [
            {
               "employee_id_no": 10402
            }
         ],
         "8190226": [
            {
               "employee_id_no": 8136
            }
         ],
         "8192300": [
            {
               "employee_id_no": 7415
            }
         ],
         "8193725": [
            {
               "employee_id_no": 8761
            }
         ],
         "8194012": [
            {
               "employee_id_no": 10338
            }
         ],
         "8195997": [
            {
               "employee_id_no": 10247
            }
         ],
         "8196248": [
            {
               "employee_id_no": 10327
            }
         ],
         "8197634": [
            {
               "employee_id_no": 10067
            }
         ],
         "8198185": [
            {
               "employee_id_no": 6171
            }
         ],
         "8198196": [
            {
               "employee_id_no": 10346
            }
         ],
         "8198667": [
            {
               "employee_id_no": 9887
            }
         ],
         "8198985": [
            {
               "employee_id_no": 8883
            }
         ],
         "8199083": [
            {
               "employee_id_no": 7834
            }
         ],
         "8199223": [
            {
               "employee_id_no": 10295
            }
         ],
         "8199609": [
            {
               "employee_id_no": 10305
            }
         ],
         "8200319": [
            {
               "employee_id_no": 10151
            }
         ],
         "8200404": [
            {
               "employee_id_no": 8925
            }
         ],
         "8201528": [
            {
               "employee_id_no": 10365
            }
         ],
         "8202692": [
            {
               "employee_id_no": 9587
            }
         ],
         "8203625": [
            {
               "employee_id_no": 10287
            }
         ],
         "8205036": [
            {
               "employee_id_no": 10196
            }
         ],
         "8208939": [
            {
               "employee_id_no": 10389
            }
         ],
         "8211125": [
            {
               "employee_id_no": 10341
            }
         ],
         "8211392": [
            {
               "employee_id_no": 10407
            }
         ],
         "8212470": [
            {
               "employee_id_no": 10417
            }
         ],
         "8212650": [
            {
               "employee_id_no": 9340
            }
         ],
         "8214232": [
            {
               "employee_id_no": 10317
            }
         ],
         "8214990": [
            {
               "employee_id_no": 10395
            }
         ],
         "8215199": [
            {
               "employee_id_no": 10370
            }
         ],
         "8216086": [
            {
               "employee_id_no": 7888
            }
         ],
         "8218449": [
            {
               "employee_id_no": 10543
            }
         ],
         "8218468": [
            {
               "employee_id_no": 9615
            }
         ],
         "8219316": [
            {
               "employee_id_no": 10303
            }
         ],
         "8220458": [
            {
               "employee_id_no": 3427
            }
         ],
         "8226366": [
            {
               "employee_id_no": 10349
            }
         ],
         "8226944": [
            {
               "employee_id_no": 8733
            }
         ],
         "8227304": [
            {
               "employee_id_no": 10355
            }
         ],
         "8228466": [
            {
               "employee_id_no": 10159
            }
         ],
         "8228632": [
            {
               "employee_id_no": 10394
            }
         ],
         "8228702": [
            {
               "employee_id_no": 10360
            }
         ],
         "8229996": [
            {
               "employee_id_no": 10291
            }
         ],
         "8232612": [
            {
               "employee_id_no": 10037
            }
         ],
         "8233945": [
            {
               "employee_id_no": 10252
            }
         ],
         "8236162": [
            {
               "employee_id_no": 9980
            }
         ],
         "8236886": [
            {
               "employee_id_no": 9933
            }
         ],
         "8237804": [
            {
               "employee_id_no": 10388
            }
         ],
         "8238355": [
            {
               "employee_id_no": 10273
            }
         ],
         "8238483": [
            {
               "employee_id_no": 10366
            }
         ],
         "8238643": [
            {
               "employee_id_no": 10382
            }
         ],
         "8243104": [
            {
               "employee_id_no": 4533
            }
         ],
         "8243358": [
            {
               "employee_id_no": 9644
            }
         ],
         "8243859": [
            {
               "employee_id_no": 10260
            }
         ],
         "8244372": [
            {
               "employee_id_no": 10383
            }
         ],
         "8245456": [
            {
               "employee_id_no": 6849
            }
         ],
         "8246033": [
            {
               "employee_id_no": 9661
            }
         ],
         "8246288": [
            {
               "employee_id_no": 8799
            }
         ],
         "8246648": [
            {
               "employee_id_no": 6070
            }
         ],
         "8247277": [
            {
               "employee_id_no": 9217
            }
         ],
         "8247345": [
            {
               "employee_id_no": 7882
            }
         ],
         "8248629": [
            {
               "employee_id_no": 7166
            }
         ],
         "8251694": [
            {
               "employee_id_no": 8963
            }
         ],
         "8254520": [
            {
               "employee_id_no": 2159
            }
         ],
         "8254621": [
            {
               "employee_id_no": 8886
            }
         ],
         "8256493": [
            {
               "employee_id_no": 10359
            }
         ],
         "8258878": [
            {
               "employee_id_no": 10329
            }
         ],
         "8258883": [
            {
               "employee_id_no": 9566
            }
         ],
         "8259575": [
            {
               "employee_id_no": 10122
            }
         ],
         "8259935": [
            {
               "employee_id_no": 10068
            }
         ],
         "8260594": [
            {
               "employee_id_no": 7418
            }
         ],
         "8263940": [
            {
               "employee_id_no": 9459
            }
         ],
         "8265214": [
            {
               "employee_id_no": 10195
            }
         ],
         "8265618": [
            {
               "employee_id_no": 257
            }
         ],
         "8266945": [
            {
               "employee_id_no": 7027
            }
         ],
         "8267106": [
            {
               "employee_id_no": 10075
            }
         ],
         "8267300": [
            {
               "employee_id_no": 10179
            }
         ],
         "8269710": [
            {
               "employee_id_no": 7018
            }
         ],
         "8271278": [
            {
               "employee_id_no": 7672
            }
         ],
         "8272071": [
            {
               "employee_id_no": 2788
            }
         ],
         "8277597": [
            {
               "employee_id_no": 4759
            }
         ],
         "8280800": [
            {
               "employee_id_no": 8553
            }
         ],
         "8282334": [
            {
               "employee_id_no": 10397
            }
         ],
         "8285701": [
            {
               "employee_id_no": 10120
            }
         ],
         "8287091": [
            {
               "employee_id_no": 9967
            }
         ],
         "8289809": [
            {
               "employee_id_no": 9679
            }
         ],
         "8291271": [
            {
               "employee_id_no": 5453
            }
         ],
         "8291883": [
            {
               "employee_id_no": 9919
            }
         ],
         "8298447": [
            {
               "employee_id_no": 9262
            }
         ],
         "8301432": [
            {
               "employee_id_no": 7482
            }
         ],
         "8302649": [
            {
               "employee_id_no": 8700
            }
         ],
         "8303271": [
            {
               "employee_id_no": 8071
            }
         ],
         "8304605": [
            {
               "employee_id_no": 9162
            }
         ],
         "8308560": [
            {
               "employee_id_no": 10401
            }
         ],
         "8308879": [
            {
               "employee_id_no": 7150
            }
         ],
         "8310146": [
            {
               "employee_id_no": 9917
            }
         ],
         "8316044": [
            {
               "employee_id_no": 10133
            }
         ],
         "8319050": [
            {
               "employee_id_no": 8834
            }
         ],
         "8320980": [
            {
               "employee_id_no": 9425
            }
         ],
         "8322260": [
            {
               "employee_id_no": 8245
            }
         ],
         "8323327": [
            {
               "employee_id_no": 9610
            }
         ],
         "8324177": [
            {
               "employee_id_no": 9376
            }
         ],
         "8326227": [
            {
               "employee_id_no": 9791
            }
         ],
         "8327384": [
            {
               "employee_id_no": 10193
            }
         ],
         "8328251": [
            {
               "employee_id_no": 10126
            }
         ],
         "8335278": [
            {
               "employee_id_no": 7436
            }
         ],
         "8336724": [
            {
               "employee_id_no": 1751
            }
         ],
         "8339895": [
            {
               "employee_id_no": 9799
            }
         ],
         "8340600": [
            {
               "employee_id_no": 10131
            }
         ],
         "8344241": [
            {
               "employee_id_no": 10381
            }
         ],
         "8349179": [
            {
               "employee_id_no": 7693
            }
         ],
         "8349563": [
            {
               "employee_id_no": 4567
            }
         ],
         "8349965": [
            {
               "employee_id_no": 9284
            }
         ],
         "8350476": [
            {
               "employee_id_no": 9640
            }
         ],
         "8351190": [
            {
               "employee_id_no": 10239
            }
         ],
         "8355627": [
            {
               "employee_id_no": 10449
            }
         ],
         "8357394": [
            {
               "employee_id_no": 10590
            }
         ],
         "8358066": [
            {
               "employee_id_no": 10559
            }
         ],
         "8358829": [
            {
               "employee_id_no": 2287
            }
         ],
         "8360927": [
            {
               "employee_id_no": 5379
            }
         ],
         "8367050": [
            {
               "employee_id_no": 6949
            }
         ],
         "8367065": [
            {
               "employee_id_no": 10279
            }
         ],
         "8370023": [
            {
               "employee_id_no": 5414
            }
         ],
         "8370599": [
            {
               "employee_id_no": 9712
            }
         ],
         "8371004": [
            {
               "employee_id_no": 9003
            }
         ],
         "8371178": [
            {
               "employee_id_no": 10137
            }
         ],
         "8372733": [
            {
               "employee_id_no": 7035
            }
         ],
         "8373143": [
            {
               "employee_id_no": 5912
            }
         ],
         "8374595": [
            {
               "employee_id_no": 7024
            }
         ],
         "8375684": [
            {
               "employee_id_no": 9312
            }
         ],
         "8380395": [
            {
               "employee_id_no": 10607
            }
         ],
         "8390759": [
            {
               "employee_id_no": 10386
            }
         ],
         "8397881": [
            {
               "employee_id_no": 10191
            }
         ],
         "8398700": [
            {
               "employee_id_no": 10232
            }
         ],
         "8399435": [
            {
               "employee_id_no": 10353
            }
         ],
         "8399459": [
            {
               "employee_id_no": 10334
            }
         ],
         "8400724": [
            {
               "employee_id_no": 4919
            }
         ],
         "8401118": [
            {
               "employee_id_no": 9483
            }
         ],
         "8404688": [
            {
               "employee_id_no": 9214
            }
         ],
         "8406158": [
            {
               "employee_id_no": 10552
            }
         ],
         "8407532": [
            {
               "employee_id_no": 10579
            }
         ],
         "8407844": [
            {
               "employee_id_no": 3256
            }
         ],
         "8409816": [
            {
               "employee_id_no": 10332
            }
         ],
         "8410819": [
            {
               "employee_id_no": 10236
            }
         ],
         "8412433": [
            {
               "employee_id_no": 10586
            }
         ],
         "8417877": [
            {
               "employee_id_no": 5296
            }
         ],
         "8418203": [
            {
               "employee_id_no": 10313
            }
         ],
         "8418622": [
            {
               "employee_id_no": 10348
            }
         ],
         "8422590": [
            {
               "employee_id_no": 8210
            }
         ],
         "8424813": [
            {
               "employee_id_no": 9252
            }
         ],
         "8425616": [
            {
               "employee_id_no": 10264
            }
         ],
         "8425652": [
            {
               "employee_id_no": 10403
            }
         ],
         "8426431": [
            {
               "employee_id_no": 10422
            }
         ],
         "8426570": [
            {
               "employee_id_no": 6845
            }
         ],
         "8426641": [
            {
               "employee_id_no": 10307
            }
         ],
         "8427776": [
            {
               "employee_id_no": 7140
            }
         ],
         "8429127": [
            {
               "employee_id_no": 10393
            }
         ],
         "8430383": [
            {
               "employee_id_no": 10371
            }
         ],
         "8430554": [
            {
               "employee_id_no": 7066
            }
         ],
         "8431514": [
            {
               "employee_id_no": 10452
            }
         ],
         "8433379": [
            {
               "employee_id_no": 10066
            }
         ],
         "8433934": [
            {
               "employee_id_no": 10557
            }
         ],
         "8434450": [
            {
               "employee_id_no": 10589
            }
         ],
         "8436079": [
            {
               "employee_id_no": 9304
            }
         ],
         "8438920": [
            {
               "employee_id_no": 7091
            }
         ],
         "8438992": [
            {
               "employee_id_no": 9230
            }
         ],
         "8439628": [
            {
               "employee_id_no": 9996
            }
         ],
         "8441471": [
            {
               "employee_id_no": 4186
            }
         ],
         "8441695": [
            {
               "employee_id_no": 10578
            }
         ],
         "8442014": [
            {
               "employee_id_no": 8701
            }
         ],
         "8448407": [
            {
               "employee_id_no": 7406
            }
         ],
         "8451654": [
            {
               "employee_id_no": 10614
            }
         ],
         "8467643": [
            {
               "employee_id_no": 9998
            }
         ],
         "8468629": [
            {
               "employee_id_no": 10286
            }
         ],
         "8469877": [
            {
               "employee_id_no": 9381
            }
         ],
         "8470414": [
            {
               "employee_id_no": 9197
            }
         ],
         "8472730": [
            {
               "employee_id_no": 6982
            }
         ],
         "8473036": [
            {
               "employee_id_no": 8677
            }
         ],
         "8476027": [
            {
               "employee_id_no": 9628
            }
         ],
         "8477924": [
            {
               "employee_id_no": 10031
            }
         ],
         "8481731": [
            {
               "employee_id_no": 5249
            }
         ],
         "8486444": [
            {
               "employee_id_no": 7955
            }
         ],
         "8488346": [
            {
               "employee_id_no": 7104
            }
         ],
         "8493007": [
            {
               "employee_id_no": 9556
            }
         ],
         "8494651": [
            {
               "employee_id_no": 10387
            }
         ],
         "8519645": [
            {
               "employee_id_no": 9305
            }
         ],
         "8519649": [
            {
               "employee_id_no": 9786
            }
         ],
         "8577715": [
            {
               "employee_id_no": 9706
            }
         ],
         "8595754": [
            {
               "employee_id_no": 10911
            }
         ],
         "8599980": [
            {
               "employee_id_no": 9867
            }
         ],
         "8601171": [
            {
               "employee_id_no": 10577
            }
         ],
         "8604337": [
            {
               "employee_id_no": 10583
            }
         ],
         "8610157": [
            {
               "employee_id_no": 10555
            }
         ],
         "8610293": [
            {
               "employee_id_no": 9784
            }
         ],
         "8610334": [
            {
               "employee_id_no": 10599
            }
         ],
         "8612577": [
            {
               "employee_id_no": 10598
            }
         ],
         "8617780": [
            {
               "employee_id_no": 10095
            }
         ],
         "8622458": [
            {
               "employee_id_no": 10909
            }
         ],
         "8655863": [
            {
               "employee_id_no": 10585
            }
         ],
         "8674144": [
            {
               "employee_id_no": 6831
            }
         ],
         "8697108": [
            {
               "employee_id_no": 10582
            }
         ],
         "8704825": [
            {
               "employee_id_no": 10604
            }
         ],
         "8755522": [
            {
               "employee_id_no": 10591
            }
         ],
         "8768854": [
            {
               "employee_id_no": 10556
            }
         ],
         "8769934": [
            {
               "employee_id_no": 9453
            }
         ],
         "8773986": [
            {
               "employee_id_no": 9583
            }
         ],
         "8799350": [
            {
               "employee_id_no": 10603
            }
         ],
         "8804518": [
            {
               "employee_id_no": 10561
            }
         ],
         "8810204": [
            {
               "employee_id_no": 10606
            }
         ],
         "8856443": [
            {
               "employee_id_no": 10588
            }
         ],
         "8858942": [
            {
               "employee_id_no": 10610
            }
         ],
         "8862369": [
            {
               "employee_id_no": 10564
            }
         ],
         "8917848": [
            {
               "employee_id_no": 10544
            }
         ],
         "8940964": [
            {
               "employee_id_no": 10619
            }
         ],
         "8946282": [
            {
               "employee_id_no": 10605
            }
         ],
         "8948273": [
            {
               "employee_id_no": 10464
            }
         ],
         "8948782": [
            {
               "employee_id_no": 10904
            }
         ],
         "8950607": [
            {
               "employee_id_no": 10562
            }
         ],
         "8964921": [
            {
               "employee_id_no": 10608
            }
         ],
         "8965894": [
            {
               "employee_id_no": 10569
            }
         ],
         "8971455": [
            {
               "employee_id_no": 10912
            }
         ],
         "8976299": [
            {
               "employee_id_no": 10573
            }
         ],
         "8978049": [
            {
               "employee_id_no": 9149
            }
         ],
         "8984191": [
            {
               "employee_id_no": 10055
            }
         ],
         "8988593": [
            {
               "employee_id_no": 10819
            }
         ],
         "8988752": [
            {
               "employee_id_no": 10601
            }
         ],
         "8989209": [
            {
               "employee_id_no": 10153
            }
         ],
         "8993360": [
            {
               "employee_id_no": 10919
            }
         ],
         "8998832": [
            {
               "employee_id_no": 10592
            }
         ],
         "9005413": [
            {
               "employee_id_no": 10155
            }
         ],
         "9018180": [
            {
               "employee_id_no": 10180
            }
         ],
         "9027505": [
            {
               "employee_id_no": 9654
            }
         ],
         "9028583": [
            {
               "employee_id_no": 9339
            }
         ],
         "9048731": [
            {
               "employee_id_no": 9760
            }
         ],
         "9049317": [
            {
               "employee_id_no": 10565
            }
         ],
         "9061939": [
            {
               "employee_id_no": 10600
            }
         ],
         "9064079": [
            {
               "employee_id_no": 10574
            }
         ],
         "9064750": [
            {
               "employee_id_no": 9546
            }
         ],
         "9073279": [
            {
               "employee_id_no": 9633
            }
         ],
         "9074781": [
            {
               "employee_id_no": 9529
            }
         ],
         "9083805": [
            {
               "employee_id_no": 9081
            }
         ],
         "9085520": [
            {
               "employee_id_no": 10198
            }
         ],
         "9123433": [
            {
               "employee_id_no": 10908
            }
         ],
         "9144990": [
            {
               "employee_id_no": 10916
            }
         ],
         "9193026": [
            {
               "employee_id_no": 5271
            }
         ],
         "9194146": [
            {
               "employee_id_no": 7421
            }
         ],
         "9196054": [
            {
               "employee_id_no": 2459
            }
         ],
         "9203054": [
            {
               "employee_id_no": 10081
            }
         ],
         "9205305": [
            {
               "employee_id_no": 9698
            }
         ],
         "9220321": [
            {
               "employee_id_no": 9096
            }
         ],
         "9220878": [
            {
               "employee_id_no": 9564
            }
         ],
         "9228723": [
            {
               "employee_id_no": 10212
            }
         ],
         "9232763": [
            {
               "employee_id_no": 9599
            }
         ],
         "9239342": [
            {
               "employee_id_no": 8449
            }
         ],
         "9245397": [
            {
               "employee_id_no": 3091
            }
         ],
         "9245465": [
            {
               "employee_id_no": 4764
            }
         ],
         "9247806": [
            {
               "employee_id_no": 9882
            }
         ],
         "9249529": [
            {
               "employee_id_no": 10901
            }
         ],
         "9254200": [
            {
               "employee_id_no": 9810
            }
         ],
         "9255997": [
            {
               "employee_id_no": 10047
            }
         ],
         "9265848": [
            {
               "employee_id_no": 8034
            }
         ],
         "9272461": [
            {
               "employee_id_no": 10165
            }
         ],
         "9275244": [
            {
               "employee_id_no": 9277
            }
         ],
         "9281829": [
            {
               "employee_id_no": 10161
            }
         ],
         "10105537": [
            {
               "employee_id_no": 10596
            }
         ],
         "10144555": [
            {
               "employee_id_no": 10595
            }
         ],
         "10290266": [
            {
               "employee_id_no": 10597
            }
         ],
         "11545498": [
            {
               "employee_id_no": 6968
            }
         ],
         "11545519": [
            {
               "employee_id_no": 10593
            }
         ],
         "11580156": [
            {
               "employee_id_no": 10594
            }
         ],
         "11794724": [
            {
               "employee_id_no": 8286
            }
         ],
         "11837055": [
            {
               "employee_id_no": 9685
            }
         ],
         "11883516": [
            {
               "employee_id_no": 9739
            }
         ],
         "11892668": [
            {
               "employee_id_no": 9956
            }
         ],
         "11901982": [
            {
               "employee_id_no": 9512
            }
         ],
         "11984963": [
            {
               "employee_id_no": 2455
            }
         ],
         "11987498": [
            {
               "employee_id_no": 7986
            }
         ],
         "12002426": [
            {
               "employee_id_no": 4787
            }
         ],
         "12002884": [
            {
               "employee_id_no": 8026
            }
         ],
         "12005941": [
            {
               "employee_id_no": 10035
            }
         ],
         "12022933": [
            {
               "employee_id_no": 8313
            }
         ],
         "12032331": [
            {
               "employee_id_no": 7021
            }
         ],
         "12036643": [
            {
               "employee_id_no": 10219
            }
         ],
         "12054545": [
            {
               "employee_id_no": 100522
            }
         ],
         "12131709": [
            {
               "employee_id_no": 5850
            }
         ],
         "12137470": [
            {
               "employee_id_no": 8715
            }
         ],
         "12139742": [
            {
               "employee_id_no": 10182
            }
         ],
         "12144479": [
            {
               "employee_id_no": 10119
            }
         ],
         "12148394": [
            {
               "employee_id_no": 9000
            }
         ],
         "12153866": [
            {
               "employee_id_no": 10084
            }
         ],
         "12211900": [
            {
               "employee_id_no": 7405
            }
         ],
         "12283836": [
            {
               "employee_id_no": 8228
            }
         ],
         "12284657": [
            {
               "employee_id_no": 7022
            }
         ],
         "12423336": [
            {
               "employee_id_no": 1985
            }
         ],
         "12439509": [
            {
               "employee_id_no": 9672
            }
         ],
         "12458366": [
            {
               "employee_id_no": 6819
            }
         ],
         "12462516": [
            {
               "employee_id_no": 10214
            }
         ],
         "12470023": [
            {
               "employee_id_no": 6821
            }
         ],
         "12472419": [
            {
               "employee_id_no": 7019
            }
         ],
         "12473599": [
            {
               "employee_id_no": 5207
            }
         ],
         "12484455": [
            {
               "employee_id_no": 4664
            }
         ],
         "12509179": [
            {
               "employee_id_no": 10229
            }
         ],
         "12519888": [
            {
               "employee_id_no": 9238
            }
         ],
         "12521861": [
            {
               "employee_id_no": 10008
            }
         ],
         "12527325": [
            {
               "employee_id_no": 9844
            }
         ],
         "12562829": [
            {
               "employee_id_no": 6842
            }
         ],
         "12563425": [
            {
               "employee_id_no": 9528
            }
         ],
         "12570272": [
            {
               "employee_id_no": 7065
            }
         ],
         "12572443": [
            {
               "employee_id_no": 9717
            }
         ],
         "12580547": [
            {
               "employee_id_no": 7984
            }
         ],
         "12581135": [
            {
               "employee_id_no": 9575
            }
         ],
         "12582899": [
            {
               "employee_id_no": 10315
            }
         ],
         "12590676": [
            {
               "employee_id_no": 3956
            }
         ],
         "12615653": [
            {
               "employee_id_no": 10148
            }
         ],
         "12721006": [
            {
               "employee_id_no": 10447
            }
         ],
         "12721007": [
            {
               "employee_id_no": 10024
            }
         ],
         "12721107": [
            {
               "employee_id_no": 3291
            }
         ],
         "12721150": [
            {
               "employee_id_no": 3347
            }
         ],
         "12721153": [
            {
               "employee_id_no": 9506
            }
         ],
         "12721207": [
            {
               "employee_id_no": 8864
            }
         ],
         "12723429": [
            {
               "employee_id_no": 9719
            }
         ],
         "12727040": [
            {
               "employee_id_no": 8461
            }
         ],
         "12727128": [
            {
               "employee_id_no": 10077
            }
         ],
         "12727297": [
            {
               "employee_id_no": 10222
            }
         ],
         "12727361": [
            {
               "employee_id_no": 8622
            }
         ],
         "12729456": [
            {
               "employee_id_no": 10069
            }
         ],
         "12729478": [
            {
               "employee_id_no": 9509
            }
         ],
         "12729977": [
            {
               "employee_id_no": 10224
            }
         ],
         "12730472": [
            {
               "employee_id_no": 9774
            }
         ],
         "12730492": [
            {
               "employee_id_no": 9695
            }
         ],
         "12730494": [
            {
               "employee_id_no": 7589
            }
         ],
         "12730499": [
            {
               "employee_id_no": 4238
            }
         ],
         "12730524": [
            {
               "employee_id_no": 9757
            }
         ],
         "12730525": [
            {
               "employee_id_no": 3064
            }
         ],
         "12730714": [
            {
               "employee_id_no": 1729
            }
         ],
         "12730724": [
            {
               "employee_id_no": 8855
            }
         ],
         "12737405": [
            {
               "employee_id_no": 10076
            }
         ],
         "12739353": [
            {
               "employee_id_no": 10223
            }
         ],
         "12750505": [
            {
               "employee_id_no": 7413
            }
         ],
         "12765467": [
            {
               "employee_id_no": 9707
            }
         ],
         "12776587": [
            {
               "employee_id_no": 3786
            }
         ],
         "12782882": [
            {
               "employee_id_no": 9924
            }
         ],
         "12782935": [
            {
               "employee_id_no": 9092
            }
         ],
         "12808582": [
            {
               "employee_id_no": 4011
            }
         ],
         "12821512": [
            {
               "employee_id_no": 9253
            }
         ],
         "12824797": [
            {
               "employee_id_no": 5997
            }
         ],
         "12825023": [
            {
               "employee_id_no": 4241
            }
         ],
         "12825552": [
            {
               "employee_id_no": 9850
            }
         ],
         "12831957": [
            {
               "employee_id_no": 9871
            }
         ],
         "12838755": [
            {
               "employee_id_no": 9911
            }
         ],
         "12840212": [
            {
               "employee_id_no": 7835
            }
         ],
         "12841026": [
            {
               "employee_id_no": 9711
            }
         ],
         "12841380": [
            {
               "employee_id_no": 9889
            }
         ],
         "12843468": [
            {
               "employee_id_no": 9776
            }
         ],
         "12844101": [
            {
               "employee_id_no": 8619
            }
         ],
         "12844705": [
            {
               "employee_id_no": 5987
            }
         ],
         "12846504": [
            {
               "employee_id_no": 9002
            }
         ],
         "12848874": [
            {
               "employee_id_no": 8726
            }
         ],
         "12851940": [
            {
               "employee_id_no": 7061
            }
         ],
         "12852455": [
            {
               "employee_id_no": 10009
            }
         ],
         "12852562": [
            {
               "employee_id_no": 9913
            }
         ],
         "12854143": [
            {
               "employee_id_no": 9647
            }
         ],
         "12855719": [
            {
               "employee_id_no": 8757
            }
         ],
         "12856031": [
            {
               "employee_id_no": 9652
            }
         ],
         "12858761": [
            {
               "employee_id_no": 9702
            }
         ],
         "12866937": [
            {
               "employee_id_no": 1101
            }
         ],
         "12867081": [
            {
               "employee_id_no": 9890
            }
         ],
         "12867560": [
            {
               "employee_id_no": 10265
            },
            {
               "employee_id_no": 10451
            }
         ],
         "12868968": [
            {
               "employee_id_no": 4790
            }
         ],
         "12870188": [
            {
               "employee_id_no": 3425
            }
         ],
         "12870472": [
            {
               "employee_id_no": 6016
            }
         ],
         "12871090": [
            {
               "employee_id_no": 9785
            }
         ],
         "12871583": [
            {
               "employee_id_no": 10448
            }
         ],
         "12871702": [
            {
               "employee_id_no": 7428
            }
         ],
         "12872798": [
            {
               "employee_id_no": 8448
            }
         ],
         "12876027": [
            {
               "employee_id_no": 2784
            }
         ],
         "12877575": [
            {
               "employee_id_no": 7809
            }
         ],
         "12879539": [
            {
               "employee_id_no": 9185
            }
         ],
         "12881096": [
            {
               "employee_id_no": 9668
            }
         ],
         "12881189": [
            {
               "employee_id_no": 9902
            }
         ],
         "12881393": [
            {
               "employee_id_no": 10026
            }
         ],
         "12894209": [
            {
               "employee_id_no": 10418
            }
         ],
         "12895393": [
            {
               "employee_id_no": 9897
            }
         ],
         "12902771": [
            {
               "employee_id_no": 10262
            }
         ],

         "0007202146": [
            {
               "employee_id_no": 10761
            }
         ],
         
         "0008140365": [
            {
               "employee_id_no": 6949
            }
         ]
      }
   ]
}