{
    "machno": "DAD-02",
    "filename": "index",
    "data": [
        {
            "customer": "IXYS",
            "device": "WP.IXCD1953 M1 MIL ENGG",
            "main_opt": "Wafer Saw",
            "operation_seq_number": "10",
            "package": "WP",
            "running_qty": "56910",
            "uph": "6921517",
            "wip_entity_id": "846697",
            "wip_entity_name": "MO842159"
        },
        {
            "customer": "IXYS",
            "device": "WP.IXCD1953 M1 MIL ENGG",
            "main_opt": "Wafer Saw",
            "operation_seq_number": "10",
            "package": "WP",
            "running_qty": "56910",
            "uph": "173902",
            "wip_entity_id": "846697",
            "wip_entity_name": "MO842159"
        },
        {
            "customer": "IXYS",
            "device": "WP.IXCD1953 M1 MIL ENGG",
            "main_opt": "Wafer Saw",
            "operation_seq_number": "10",
            "package": "WP",
            "running_qty": "56910",
            "uph": "10353",
            "wip_entity_id": "846697",
            "wip_entity_name": "MO842159"
        }
    ]
}