{
    "machno": "M360-CH20",
    "filename": "index",
    "data": [
        {
            "customer": "ANALOG",
            "device": "TO46.LM399HHC-A0Z ABS043013 COM TS GREY",
            "main_opt": "Wirebond-Hermetics",
            "operation_seq_number": "40",
            "package": "TO46",
            "running_qty": "1448",
            "uph": "64",
            "wip_entity_id": "847664",
            "wip_entity_name": "MO842990"
        },
        {
            "customer": "MICROCHIP",
            "device": "227.1386E-120 4895 PAD B CENTROTHERM",
            "main_opt": "Wirebond/Gatelift/3rd Opt.Insp.",
            "operation_seq_number": "50",
            "package": "SOT227",
            "running_qty": "121",
            "uph": "170",
            "wip_entity_id": "847526",
            "wip_entity_name": "MO843130"
        }
    ]
}