{
    "data": [
        {
            "wip_entity_name": "MO842990",
            "running_qty": 1448,
            "total_finished": 1298,
            "remaining_qty": 150,
            "transaction_date": "2023-10-05 13:47:43",
            "last_person_assigned": "Mercado, Alex Fernan F.",
            "status": "NOT COMPLETED"
        },
        {
            "wip_entity_name": "MO843130",
            "running_qty": 121,
            "total_finished": 121,
            "remaining_qty": 0,
            "transaction_date": "2023-09-28 14:38:54",
            "last_person_assigned": "Mercado, Alex Fernan F.",
            "status": "COMPLETED"
        }
    ]
}